"Status","Start Time","Stop Time","Duration in ms","Parent Suite","Suite","Sub Suite","Test Class","Test Method","Name","Description"
"passed","Sun Jan 03 15:51:48 CST 2021","Sun Jan 03 15:51:48 CST 2021","1","","test_cal","TestCal","","","test_sub[bigint]",""
"passed","Sun Jan 03 15:51:48 CST 2021","Sun Jan 03 15:51:48 CST 2021","0","","test_cal","TestCal","","","test_sub[decimal]",""
"passed","Sun Jan 03 15:51:48 CST 2021","Sun Jan 03 15:51:48 CST 2021","0","","test_cal","TestCal","","","test_mul[zero]",""
"passed","Sun Jan 03 15:51:48 CST 2021","Sun Jan 03 15:51:48 CST 2021","0","","test_cal","TestCal","","","test_div[minus]",""
"passed","Sun Jan 03 15:51:48 CST 2021","Sun Jan 03 15:51:48 CST 2021","0","","test_cal","TestCal","","","test_add[zero]",""
"passed","Sun Jan 03 15:51:48 CST 2021","Sun Jan 03 15:51:48 CST 2021","0","","test_cal","TestCal","","","test_add[decimal]",""
"passed","Sun Jan 03 15:51:48 CST 2021","Sun Jan 03 15:51:48 CST 2021","0","","test_cal","TestCal","","","test_add[int]",""
"failed","Sun Jan 03 15:51:48 CST 2021","Sun Jan 03 15:51:48 CST 2021","1","","test_cal","TestCal","","","test_div[zero]",""
"passed","Sun Jan 03 15:51:48 CST 2021","Sun Jan 03 15:51:48 CST 2021","0","","test_cal","TestCal","","","test_mul[decimal]",""
"passed","Sun Jan 03 15:51:48 CST 2021","Sun Jan 03 15:51:48 CST 2021","1","","test_cal","TestCal","","","test_add[bigint]",""
"passed","Sun Jan 03 15:51:48 CST 2021","Sun Jan 03 15:51:48 CST 2021","1","","test_cal","TestCal","","","test_add[minus]",""
"passed","Sun Jan 03 15:51:48 CST 2021","Sun Jan 03 15:51:48 CST 2021","0","","test_cal","TestCal","","","test_mul[int]",""
"passed","Sun Jan 03 15:51:48 CST 2021","Sun Jan 03 15:51:48 CST 2021","1","","test_cal","TestCal","","","test_sub[minus]",""
"passed","Sun Jan 03 15:51:48 CST 2021","Sun Jan 03 15:51:48 CST 2021","1","","test_cal","TestCal","","","test_mul[bigint]",""
"passed","Sun Jan 03 15:51:48 CST 2021","Sun Jan 03 15:51:48 CST 2021","0","","test_cal","TestCal","","","test_div[bigint]",""
"passed","Sun Jan 03 15:51:48 CST 2021","Sun Jan 03 15:51:48 CST 2021","0","","test_cal","TestCal","","","test_sub[zero]",""
"passed","Sun Jan 03 15:51:48 CST 2021","Sun Jan 03 15:51:48 CST 2021","0","","test_cal","TestCal","","","test_div[int]",""
"passed","Sun Jan 03 15:51:48 CST 2021","Sun Jan 03 15:51:48 CST 2021","0","","test_cal","TestCal","","","test_sub[int]",""
"passed","Sun Jan 03 15:51:48 CST 2021","Sun Jan 03 15:51:48 CST 2021","0","","test_cal","TestCal","","","test_div[decimal]",""
"passed","Sun Jan 03 15:51:48 CST 2021","Sun Jan 03 15:51:48 CST 2021","1","","test_cal","TestCal","","","test_mul[minus]",""
